{
  "data": [
    {
      "name": "saurabh",
      "email": "s@gmail.com",
      "phone": "1234567",
      "gender": "male",
      "dob": "13-3-2023",
      "hobbies": "on",
      "id": 1
    },
    {
      "name": "Mayank",
      "email": "m@gmail.com",
      "phone": "69696969",
      "gender": "female",
      "dob": "1-3-2023",
      "hobbies": "on",
      "id": 2
    }
  ],
  "comments": [
    {
      "id": 1,
      "body": "some comment",
      "postId": 1
    }
  ],
  "profile": {
    "name": "typicode"
  }
}